Employee_ID,Employee,Assistant_Lead,Team_Lead,Manager,Department,Team_Name,Level
EMP1000,Kevin Scott,Michael Leon,Tammy Smith,Kimberly Jefferson,Sales,Sales - Tammy Team,Employee
EMP1001,David Mccarthy,Michael Leon,Tammy Smith,Kimberly Jefferson,Sales,Sales - Tammy Team,Employee
EMP1002,Brandon Tran,Michael Leon,Tammy Smith,Kimberly Jefferson,Sales,Sales - Tammy Team,Employee
EMP1003,Jeremy Gross,Michael Leon,Tammy Smith,Kimberly Jefferson,Sales,Sales - Tammy Team,Employee
EMP1004,Kayla Wilson,Michael Leon,Tammy Smith,Kimberly Jefferson,Sales,Sales - Tammy Team,Employee
EMP1005,Chad Perez,Michael Leon,Tammy Smith,Kimberly Jefferson,Sales,Sales - Tammy Team,Employee
EMP1006,Laura Douglas,Michael Leon,Tammy Smith,Kimberly Jefferson,Sales,Sales - Tammy Team,Employee
EMP1007,Joshua Gardner,Michael Leon,Tammy Smith,Kimberly Jefferson,Sales,Sales - Tammy Team,Employee
EMP1008,Juan Bates,Michael Leon,Tammy Smith,Kimberly Jefferson,Sales,Sales - Tammy Team,Employee
EMP1009,Blake Mcpherson,Michael Leon,Tammy Smith,Kimberly Jefferson,Sales,Sales - Tammy Team,Employee
EMP1010,Jacob Reyes,Michael Leon,Tammy Smith,Kimberly Jefferson,Sales,Sales - Tammy Team,Employee
EMP1011,Annette Johnson,Michael Leon,Tammy Smith,Kimberly Jefferson,Sales,Sales - Tammy Team,Employee
EMP1012,Daniel Martinez,Michael Leon,Tammy Smith,Kimberly Jefferson,Sales,Sales - Tammy Team,Employee
EMP1013,Suzanne Stephens,Michael Leon,Tammy Smith,Kimberly Jefferson,Sales,Sales - Tammy Team,Employee
EMP1014,Allison Weaver,Michael Leon,Tammy Smith,Kimberly Jefferson,Sales,Sales - Tammy Team,Employee
EMP1015,Autumn Arroyo,Michael Leon,Tammy Smith,Kimberly Jefferson,Sales,Sales - Tammy Team,Employee
EMP1016,Valerie Fry,Michael Leon,Tammy Smith,Kimberly Jefferson,Sales,Sales - Tammy Team,Employee
EMP1017,Kathleen Ortega,Michael Leon,Tammy Smith,Kimberly Jefferson,Sales,Sales - Tammy Team,Employee
EMP1018,Christopher Williams,Michael Leon,Tammy Smith,Kimberly Jefferson,Sales,Sales - Tammy Team,Employee
EMP1019,John Gonzales,Michael Leon,Tammy Smith,Kimberly Jefferson,Sales,Sales - Tammy Team,Employee
EMP1020,Jason Meyer,Michael Leon,Tammy Smith,Kimberly Jefferson,Sales,Sales - Tammy Team,Employee
EMP1021,Andrew Chase,Michael Leon,Tammy Smith,Kimberly Jefferson,Sales,Sales - Tammy Team,Employee
EMP1022,Kyle White,Michael Leon,Tammy Smith,Kimberly Jefferson,Sales,Sales - Tammy Team,Employee
EMP1023,Sarah Lee,Michael Leon,Tammy Smith,Kimberly Jefferson,Sales,Sales - Tammy Team,Employee
EMP1024,Mallory Gallegos,Michael Leon,Tammy Smith,Kimberly Jefferson,Sales,Sales - Tammy Team,Employee
EMP1025,Daryl Rogers,Angela Hamilton,Zoe Porter,Kimberly Jefferson,Sales,Sales - Zoe Team,Employee
EMP1026,Christopher Miller,Angela Hamilton,Zoe Porter,Kimberly Jefferson,Sales,Sales - Zoe Team,Employee
EMP1027,Erica Martinez,Angela Hamilton,Zoe Porter,Kimberly Jefferson,Sales,Sales - Zoe Team,Employee
EMP1028,Lori Clark,Angela Hamilton,Zoe Porter,Kimberly Jefferson,Sales,Sales - Zoe Team,Employee
EMP1029,Michelle Fletcher,Angela Hamilton,Zoe Porter,Kimberly Jefferson,Sales,Sales - Zoe Team,Employee
EMP1030,Michael Clark,Angela Hamilton,Zoe Porter,Kimberly Jefferson,Sales,Sales - Zoe Team,Employee
EMP1031,Alex Parker,Angela Hamilton,Zoe Porter,Kimberly Jefferson,Sales,Sales - Zoe Team,Employee
EMP1032,Kayla Ramirez,Angela Hamilton,Zoe Porter,Kimberly Jefferson,Sales,Sales - Zoe Team,Employee
EMP1033,Erin Young,Angela Hamilton,Zoe Porter,Kimberly Jefferson,Sales,Sales - Zoe Team,Employee
EMP1034,Stephanie Perez,Angela Hamilton,Zoe Porter,Kimberly Jefferson,Sales,Sales - Zoe Team,Employee
EMP1035,Jasmine Mayo,Angela Hamilton,Zoe Porter,Kimberly Jefferson,Sales,Sales - Zoe Team,Employee
EMP1036,Alexis Ramos,Angela Hamilton,Zoe Porter,Kimberly Jefferson,Sales,Sales - Zoe Team,Employee
EMP1037,Colleen Simmons,Angela Hamilton,Zoe Porter,Kimberly Jefferson,Sales,Sales - Zoe Team,Employee
EMP1038,Margaret Williams,Angela Hamilton,Zoe Porter,Kimberly Jefferson,Sales,Sales - Zoe Team,Employee
EMP1039,Natalie Calderon,Angela Hamilton,Zoe Porter,Kimberly Jefferson,Sales,Sales - Zoe Team,Employee
EMP1040,Beth Richard,Angela Hamilton,Zoe Porter,Kimberly Jefferson,Sales,Sales - Zoe Team,Employee
EMP1041,Darryl Price,Angela Hamilton,Zoe Porter,Kimberly Jefferson,Sales,Sales - Zoe Team,Employee
EMP1042,Teresa Ramos,Angela Hamilton,Zoe Porter,Kimberly Jefferson,Sales,Sales - Zoe Team,Employee
EMP1043,Jacob Hill,Angela Hamilton,Zoe Porter,Kimberly Jefferson,Sales,Sales - Zoe Team,Employee
EMP1044,Dominic Hicks,Angela Hamilton,Zoe Porter,Kimberly Jefferson,Sales,Sales - Zoe Team,Employee
EMP1045,Amy Moreno,Amanda Casey,Zoe Porter,Kimberly Jefferson,Sales,Sales - Zoe Team,Employee
EMP1046,Aaron Mayo,Amanda Casey,Zoe Porter,Kimberly Jefferson,Sales,Sales - Zoe Team,Employee
EMP1047,Brendan Figueroa,Amanda Casey,Zoe Porter,Kimberly Jefferson,Sales,Sales - Zoe Team,Employee
EMP1048,Daniel Carney,Amanda Casey,Zoe Porter,Kimberly Jefferson,Sales,Sales - Zoe Team,Employee
EMP1049,Hannah Phillips,Amanda Casey,Zoe Porter,Kimberly Jefferson,Sales,Sales - Zoe Team,Employee
EMP1050,Wanda Morales,Amanda Casey,Zoe Porter,Kimberly Jefferson,Sales,Sales - Zoe Team,Employee
EMP1051,Diana Arnold,Amanda Casey,Zoe Porter,Kimberly Jefferson,Sales,Sales - Zoe Team,Employee
EMP1052,Andrew Henderson DDS,Amanda Casey,Zoe Porter,Kimberly Jefferson,Sales,Sales - Zoe Team,Employee
EMP1053,Jay Burke,Amanda Casey,Zoe Porter,Kimberly Jefferson,Sales,Sales - Zoe Team,Employee
EMP1054,Timothy Roberson,Amanda Casey,Zoe Porter,Kimberly Jefferson,Sales,Sales - Zoe Team,Employee
EMP1055,Nicole Carpenter,Amanda Casey,Zoe Porter,Kimberly Jefferson,Sales,Sales - Zoe Team,Employee
EMP1056,Debbie Jones,Amanda Casey,Zoe Porter,Kimberly Jefferson,Sales,Sales - Zoe Team,Employee
EMP1057,Maureen Terry,Amanda Casey,Zoe Porter,Kimberly Jefferson,Sales,Sales - Zoe Team,Employee
EMP1058,Christine Harrell,Amanda Casey,Zoe Porter,Kimberly Jefferson,Sales,Sales - Zoe Team,Employee
EMP1059,Michael Lawrence,Amanda Casey,Zoe Porter,Kimberly Jefferson,Sales,Sales - Zoe Team,Employee
EMP1060,Donna Medina,Amanda Casey,Zoe Porter,Kimberly Jefferson,Sales,Sales - Zoe Team,Employee
EMP1061,Robert Bartlett,Amanda Casey,Zoe Porter,Kimberly Jefferson,Sales,Sales - Zoe Team,Employee
EMP1062,Jason Vaughn,Amanda Casey,Zoe Porter,Kimberly Jefferson,Sales,Sales - Zoe Team,Employee
EMP1063,William Williams,Amanda Casey,Zoe Porter,Kimberly Jefferson,Sales,Sales - Zoe Team,Employee
EMP1064,Isabella Holland,Mrs. Crystal Braun,Robert Garcia,Julie Franco,Engineering,Engineering - Robert Team,Employee
EMP1065,Courtney Collier,Mrs. Crystal Braun,Robert Garcia,Julie Franco,Engineering,Engineering - Robert Team,Employee
EMP1066,Michael Strong,Mrs. Crystal Braun,Robert Garcia,Julie Franco,Engineering,Engineering - Robert Team,Employee
EMP1067,William Smith,Mrs. Crystal Braun,Robert Garcia,Julie Franco,Engineering,Engineering - Robert Team,Employee
EMP1068,Jonathan West,Mrs. Crystal Braun,Robert Garcia,Julie Franco,Engineering,Engineering - Robert Team,Employee
EMP1069,Kayla Long,Mrs. Crystal Braun,Robert Garcia,Julie Franco,Engineering,Engineering - Robert Team,Employee
EMP1070,Karen Morrison,Mrs. Crystal Braun,Robert Garcia,Julie Franco,Engineering,Engineering - Robert Team,Employee
EMP1071,Angela Anderson,Mrs. Crystal Braun,Robert Garcia,Julie Franco,Engineering,Engineering - Robert Team,Employee
EMP1072,Robert Reynolds,Mrs. Crystal Braun,Robert Garcia,Julie Franco,Engineering,Engineering - Robert Team,Employee
EMP1073,Mark Benton,Mrs. Crystal Braun,Robert Garcia,Julie Franco,Engineering,Engineering - Robert Team,Employee
EMP1074,Scott Kelley,Mrs. Crystal Braun,Robert Garcia,Julie Franco,Engineering,Engineering - Robert Team,Employee
EMP1075,Christopher Garcia,Mrs. Crystal Braun,Robert Garcia,Julie Franco,Engineering,Engineering - Robert Team,Employee
EMP1076,Amy Shaw,Mrs. Crystal Braun,Robert Garcia,Julie Franco,Engineering,Engineering - Robert Team,Employee
EMP1077,Dr. Eric Rodriguez,Mrs. Crystal Braun,Robert Garcia,Julie Franco,Engineering,Engineering - Robert Team,Employee
EMP1078,Donna Lane,Mrs. Crystal Braun,Robert Garcia,Julie Franco,Engineering,Engineering - Robert Team,Employee
EMP1079,Allison Allen,Kelsey Hood,Robert Garcia,Julie Franco,Engineering,Engineering - Robert Team,Employee
EMP1080,Brian Anderson,Kelsey Hood,Robert Garcia,Julie Franco,Engineering,Engineering - Robert Team,Employee
EMP1081,Robert Nelson,Kelsey Hood,Robert Garcia,Julie Franco,Engineering,Engineering - Robert Team,Employee
EMP1082,Ashley Chung,Kelsey Hood,Robert Garcia,Julie Franco,Engineering,Engineering - Robert Team,Employee
EMP1083,Douglas French,Kelsey Hood,Robert Garcia,Julie Franco,Engineering,Engineering - Robert Team,Employee
EMP1084,Anita Smith,Kelsey Hood,Robert Garcia,Julie Franco,Engineering,Engineering - Robert Team,Employee
EMP1085,David Gilmore,Kelsey Hood,Robert Garcia,Julie Franco,Engineering,Engineering - Robert Team,Employee
EMP1086,Nancy Sims,Kelsey Hood,Robert Garcia,Julie Franco,Engineering,Engineering - Robert Team,Employee
EMP1087,David Watson,Kelsey Hood,Robert Garcia,Julie Franco,Engineering,Engineering - Robert Team,Employee
EMP1088,Amy Collier,Kelsey Hood,Robert Garcia,Julie Franco,Engineering,Engineering - Robert Team,Employee
EMP1089,Todd Evans,Kelsey Hood,Robert Garcia,Julie Franco,Engineering,Engineering - Robert Team,Employee
EMP1090,Danielle Sullivan,Kelsey Hood,Robert Garcia,Julie Franco,Engineering,Engineering - Robert Team,Employee
EMP1091,Patricia Baker,Kelsey Hood,Robert Garcia,Julie Franco,Engineering,Engineering - Robert Team,Employee
EMP1092,Tracey Meyer,Kelsey Hood,Robert Garcia,Julie Franco,Engineering,Engineering - Robert Team,Employee
EMP1093,David Velazquez,Kelsey Hood,Robert Garcia,Julie Franco,Engineering,Engineering - Robert Team,Employee
EMP1094,Kimberly George,Kelsey Hood,Robert Garcia,Julie Franco,Engineering,Engineering - Robert Team,Employee
EMP1095,Morgan Lowe,Kelsey Hood,Robert Garcia,Julie Franco,Engineering,Engineering - Robert Team,Employee
EMP1096,Tammy Hayes,Kelsey Hood,Robert Garcia,Julie Franco,Engineering,Engineering - Robert Team,Employee
EMP1097,Christopher Ball,Kelsey Hood,Robert Garcia,Julie Franco,Engineering,Engineering - Robert Team,Employee
EMP1098,Amy Cook,Kelsey Hood,Robert Garcia,Julie Franco,Engineering,Engineering - Robert Team,Employee
EMP1099,Tyler Buchanan,Kelsey Hood,Robert Garcia,Julie Franco,Engineering,Engineering - Robert Team,Employee
EMP1100,Terry Dunn,Kelsey Hood,Robert Garcia,Julie Franco,Engineering,Engineering - Robert Team,Employee
EMP1101,Katherine Brown,Kelsey Hood,Robert Garcia,Julie Franco,Engineering,Engineering - Robert Team,Employee
EMP1102,Mark Martin,Kelsey Hood,Robert Garcia,Julie Franco,Engineering,Engineering - Robert Team,Employee
EMP1103,Shannon Flores,Beth Henderson,Morgan Lewis,Julie Franco,Engineering,Engineering - Morgan Team,Employee
EMP1104,Kenneth Stephenson,Beth Henderson,Morgan Lewis,Julie Franco,Engineering,Engineering - Morgan Team,Employee
EMP1105,Daisy Wallace,Beth Henderson,Morgan Lewis,Julie Franco,Engineering,Engineering - Morgan Team,Employee
EMP1106,Brenda Spencer,Beth Henderson,Morgan Lewis,Julie Franco,Engineering,Engineering - Morgan Team,Employee
EMP1107,Bryan Gallegos,Beth Henderson,Morgan Lewis,Julie Franco,Engineering,Engineering - Morgan Team,Employee
EMP1108,Christina Watts,Beth Henderson,Morgan Lewis,Julie Franco,Engineering,Engineering - Morgan Team,Employee
EMP1109,Carrie Stevenson,Beth Henderson,Morgan Lewis,Julie Franco,Engineering,Engineering - Morgan Team,Employee
EMP1110,Alisha Stafford,Beth Henderson,Morgan Lewis,Julie Franco,Engineering,Engineering - Morgan Team,Employee
EMP1111,Julie Gonzalez MD,Beth Henderson,Morgan Lewis,Julie Franco,Engineering,Engineering - Morgan Team,Employee
EMP1112,Melissa Nunez,Beth Henderson,Morgan Lewis,Julie Franco,Engineering,Engineering - Morgan Team,Employee
EMP1113,Curtis Turner,Beth Henderson,Morgan Lewis,Julie Franco,Engineering,Engineering - Morgan Team,Employee
EMP1114,Deanna Spencer,Beth Henderson,Morgan Lewis,Julie Franco,Engineering,Engineering - Morgan Team,Employee
EMP1115,Sylvia Lynch,Beth Henderson,Morgan Lewis,Julie Franco,Engineering,Engineering - Morgan Team,Employee
EMP1116,Melissa Ramos,Beth Henderson,Morgan Lewis,Julie Franco,Engineering,Engineering - Morgan Team,Employee
EMP1117,Kendra Hernandez,Beth Henderson,Morgan Lewis,Julie Franco,Engineering,Engineering - Morgan Team,Employee
EMP1118,Dominique Simmons,Beth Henderson,Morgan Lewis,Julie Franco,Engineering,Engineering - Morgan Team,Employee
EMP1119,Tracy Wagner,Beth Henderson,Morgan Lewis,Julie Franco,Engineering,Engineering - Morgan Team,Employee
EMP1120,Susan Caldwell,Beth Henderson,Morgan Lewis,Julie Franco,Engineering,Engineering - Morgan Team,Employee
EMP1121,Nicole Snyder,Beth Henderson,Morgan Lewis,Julie Franco,Engineering,Engineering - Morgan Team,Employee
EMP1122,Kayla Vasquez,Candace Jensen,Morgan Lewis,Julie Franco,Engineering,Engineering - Morgan Team,Employee
EMP1123,Penny Nielsen,Candace Jensen,Morgan Lewis,Julie Franco,Engineering,Engineering - Morgan Team,Employee
EMP1124,Kayla Choi MD,Candace Jensen,Morgan Lewis,Julie Franco,Engineering,Engineering - Morgan Team,Employee
EMP1125,Michelle King,Candace Jensen,Morgan Lewis,Julie Franco,Engineering,Engineering - Morgan Team,Employee
EMP1126,Ryan Stuart,Candace Jensen,Morgan Lewis,Julie Franco,Engineering,Engineering - Morgan Team,Employee
EMP1127,Bradley Thomas,Candace Jensen,Morgan Lewis,Julie Franco,Engineering,Engineering - Morgan Team,Employee
EMP1128,Nancy Winters,Candace Jensen,Morgan Lewis,Julie Franco,Engineering,Engineering - Morgan Team,Employee
EMP1129,Joseph Coleman,Candace Jensen,Morgan Lewis,Julie Franco,Engineering,Engineering - Morgan Team,Employee
EMP1130,Jeffrey Johnson,Candace Jensen,Morgan Lewis,Julie Franco,Engineering,Engineering - Morgan Team,Employee
EMP1131,Melissa Atkinson,Candace Jensen,Morgan Lewis,Julie Franco,Engineering,Engineering - Morgan Team,Employee
EMP1132,Nicholas Harper,Candace Jensen,Morgan Lewis,Julie Franco,Engineering,Engineering - Morgan Team,Employee
EMP1133,Sheri Gordon,Candace Jensen,Morgan Lewis,Julie Franco,Engineering,Engineering - Morgan Team,Employee
EMP1134,Tammy Martin,Candace Jensen,Morgan Lewis,Julie Franco,Engineering,Engineering - Morgan Team,Employee
EMP1135,James Sutton,Candace Jensen,Morgan Lewis,Julie Franco,Engineering,Engineering - Morgan Team,Employee
EMP1136,Tiffany Graham,Candace Jensen,Morgan Lewis,Julie Franco,Engineering,Engineering - Morgan Team,Employee
EMP1137,David Johnson,Candace Jensen,Morgan Lewis,Julie Franco,Engineering,Engineering - Morgan Team,Employee
EMP1138,Tanya White,Candace Jensen,Morgan Lewis,Julie Franco,Engineering,Engineering - Morgan Team,Employee
EMP1139,Benjamin Woodward,Candace Jensen,Morgan Lewis,Julie Franco,Engineering,Engineering - Morgan Team,Employee
EMP1140,Jamie Sandoval,Candace Jensen,Morgan Lewis,Julie Franco,Engineering,Engineering - Morgan Team,Employee
EMP1141,Kevin Abbott,Candace Jensen,Morgan Lewis,Julie Franco,Engineering,Engineering - Morgan Team,Employee
EMP1142,Melissa Flores,Gerald Rodriguez,Megan Thomas,Julie Franco,Engineering,Engineering - Megan Team,Employee
EMP1143,Richard Werner,Gerald Rodriguez,Megan Thomas,Julie Franco,Engineering,Engineering - Megan Team,Employee
EMP1144,Tracy Santos,Gerald Rodriguez,Megan Thomas,Julie Franco,Engineering,Engineering - Megan Team,Employee
EMP1145,Keith Walsh,Gerald Rodriguez,Megan Thomas,Julie Franco,Engineering,Engineering - Megan Team,Employee
EMP1146,Gabriel Miller,Gerald Rodriguez,Megan Thomas,Julie Franco,Engineering,Engineering - Megan Team,Employee
EMP1147,Peggy Wiggins,Gerald Rodriguez,Megan Thomas,Julie Franco,Engineering,Engineering - Megan Team,Employee
EMP1148,Matthew Neal,Gerald Rodriguez,Megan Thomas,Julie Franco,Engineering,Engineering - Megan Team,Employee
EMP1149,Brooke Morales,Gerald Rodriguez,Megan Thomas,Julie Franco,Engineering,Engineering - Megan Team,Employee
EMP1150,Ryan Acevedo,Gerald Rodriguez,Megan Thomas,Julie Franco,Engineering,Engineering - Megan Team,Employee
EMP1151,Robert Snyder,Gerald Rodriguez,Megan Thomas,Julie Franco,Engineering,Engineering - Megan Team,Employee
EMP1152,David Fuller,Gerald Rodriguez,Megan Thomas,Julie Franco,Engineering,Engineering - Megan Team,Employee
EMP1153,Jerry Collins,Gerald Rodriguez,Megan Thomas,Julie Franco,Engineering,Engineering - Megan Team,Employee
EMP1154,Amanda Sanders,Gerald Rodriguez,Megan Thomas,Julie Franco,Engineering,Engineering - Megan Team,Employee
EMP1155,Emily Smith,Gerald Rodriguez,Megan Thomas,Julie Franco,Engineering,Engineering - Megan Team,Employee
EMP1156,Scott Young,Gerald Rodriguez,Megan Thomas,Julie Franco,Engineering,Engineering - Megan Team,Employee
EMP1157,Andrea Flores,Gerald Rodriguez,Megan Thomas,Julie Franco,Engineering,Engineering - Megan Team,Employee
EMP1158,Jennifer Patrick,Gerald Rodriguez,Megan Thomas,Julie Franco,Engineering,Engineering - Megan Team,Employee
EMP1159,Yvette Garcia,Gerald Rodriguez,Megan Thomas,Julie Franco,Engineering,Engineering - Megan Team,Employee
EMP1160,Shawn Morris,Gerald Rodriguez,Megan Thomas,Julie Franco,Engineering,Engineering - Megan Team,Employee
EMP1161,Joseph Bush,Gerald Rodriguez,Megan Thomas,Julie Franco,Engineering,Engineering - Megan Team,Employee
EMP1162,Kaylee Vargas,Gerald Rodriguez,Megan Thomas,Julie Franco,Engineering,Engineering - Megan Team,Employee
EMP1163,Mark Hoover,Gerald Rodriguez,Megan Thomas,Julie Franco,Engineering,Engineering - Megan Team,Employee
EMP1164,Alexandria Barker,Gerald Rodriguez,Megan Thomas,Julie Franco,Engineering,Engineering - Megan Team,Employee
EMP1165,Tonya Henry,Gerald Rodriguez,Megan Thomas,Julie Franco,Engineering,Engineering - Megan Team,Employee
EMP1166,James Figueroa,Gerald Rodriguez,Megan Thomas,Julie Franco,Engineering,Engineering - Megan Team,Employee
EMP1167,Austin Reed,Brandy Campbell,Joseph Perez,Jennifer Guzman,HR,HR - Joseph Team,Employee
EMP1168,Amanda Gray,Brandy Campbell,Joseph Perez,Jennifer Guzman,HR,HR - Joseph Team,Employee
EMP1169,Marc Lawrence,Brandy Campbell,Joseph Perez,Jennifer Guzman,HR,HR - Joseph Team,Employee
EMP1170,Nancy Leonard,Brandy Campbell,Joseph Perez,Jennifer Guzman,HR,HR - Joseph Team,Employee
EMP1171,Kevin Mccarthy,Brandy Campbell,Joseph Perez,Jennifer Guzman,HR,HR - Joseph Team,Employee
EMP1172,Eric Gonzalez,Brandy Campbell,Joseph Perez,Jennifer Guzman,HR,HR - Joseph Team,Employee
EMP1173,Christopher Hernandez,Brandy Campbell,Joseph Perez,Jennifer Guzman,HR,HR - Joseph Team,Employee
EMP1174,Kimberly Watson,Brandy Campbell,Joseph Perez,Jennifer Guzman,HR,HR - Joseph Team,Employee
EMP1175,Laura Hale,Brandy Campbell,Joseph Perez,Jennifer Guzman,HR,HR - Joseph Team,Employee
EMP1176,Ralph Guerrero,Brandy Campbell,Joseph Perez,Jennifer Guzman,HR,HR - Joseph Team,Employee
EMP1177,Amy Curry,Brandy Campbell,Joseph Perez,Jennifer Guzman,HR,HR - Joseph Team,Employee
EMP1178,Eric Adams,Brandy Campbell,Joseph Perez,Jennifer Guzman,HR,HR - Joseph Team,Employee
EMP1179,Marcus Wilson,Brandy Campbell,Joseph Perez,Jennifer Guzman,HR,HR - Joseph Team,Employee
EMP1180,Cody Snow,Brandy Campbell,Joseph Perez,Jennifer Guzman,HR,HR - Joseph Team,Employee
EMP1181,Bryan David,Brandy Campbell,Joseph Perez,Jennifer Guzman,HR,HR - Joseph Team,Employee
EMP1182,Anne Brown,Brandy Campbell,Joseph Perez,Jennifer Guzman,HR,HR - Joseph Team,Employee
EMP1183,Alejandro Murphy,Brandy Campbell,Joseph Perez,Jennifer Guzman,HR,HR - Joseph Team,Employee
EMP1184,David Greer,Brandy Campbell,Joseph Perez,Jennifer Guzman,HR,HR - Joseph Team,Employee
EMP1185,Terri Davis,Brandy Campbell,Joseph Perez,Jennifer Guzman,HR,HR - Joseph Team,Employee
EMP1186,Michael Atkinson,Brandy Campbell,Joseph Perez,Jennifer Guzman,HR,HR - Joseph Team,Employee
EMP1187,Mrs. Natalie Rivera,Elizabeth Jimenez,Joseph Perez,Jennifer Guzman,HR,HR - Joseph Team,Employee
EMP1188,David Wilson,Elizabeth Jimenez,Joseph Perez,Jennifer Guzman,HR,HR - Joseph Team,Employee
EMP1189,David King,Elizabeth Jimenez,Joseph Perez,Jennifer Guzman,HR,HR - Joseph Team,Employee
EMP1190,Roberto James,Elizabeth Jimenez,Joseph Perez,Jennifer Guzman,HR,HR - Joseph Team,Employee
EMP1191,Joshua White,Elizabeth Jimenez,Joseph Perez,Jennifer Guzman,HR,HR - Joseph Team,Employee
EMP1192,Anthony Wilcox,Elizabeth Jimenez,Joseph Perez,Jennifer Guzman,HR,HR - Joseph Team,Employee
EMP1193,Breanna Castaneda,Elizabeth Jimenez,Joseph Perez,Jennifer Guzman,HR,HR - Joseph Team,Employee
EMP1194,Christopher Jones,Elizabeth Jimenez,Joseph Perez,Jennifer Guzman,HR,HR - Joseph Team,Employee
EMP1195,April Carter,Elizabeth Jimenez,Joseph Perez,Jennifer Guzman,HR,HR - Joseph Team,Employee
EMP1196,Raymond Jones,Elizabeth Jimenez,Joseph Perez,Jennifer Guzman,HR,HR - Joseph Team,Employee
EMP1197,Brett Soto,Elizabeth Jimenez,Joseph Perez,Jennifer Guzman,HR,HR - Joseph Team,Employee
EMP1198,Alicia Gray,Elizabeth Jimenez,Joseph Perez,Jennifer Guzman,HR,HR - Joseph Team,Employee
EMP1199,Heather Garcia,Elizabeth Jimenez,Joseph Perez,Jennifer Guzman,HR,HR - Joseph Team,Employee
EMP1200,Meghan Patterson,Elizabeth Jimenez,Joseph Perez,Jennifer Guzman,HR,HR - Joseph Team,Employee
EMP1201,Michael Weber,Elizabeth Jimenez,Joseph Perez,Jennifer Guzman,HR,HR - Joseph Team,Employee
EMP1202,Sylvia Baker,Elizabeth Jimenez,Joseph Perez,Jennifer Guzman,HR,HR - Joseph Team,Employee
EMP1203,Shawn Berger,Matthew Marshall,Andrew Miles,Jennifer Guzman,HR,HR - Andrew Team,Employee
EMP1204,Nicholas Daniels,Matthew Marshall,Andrew Miles,Jennifer Guzman,HR,HR - Andrew Team,Employee
EMP1205,Chad Carey,Matthew Marshall,Andrew Miles,Jennifer Guzman,HR,HR - Andrew Team,Employee
EMP1206,Christopher Whitehead,Matthew Marshall,Andrew Miles,Jennifer Guzman,HR,HR - Andrew Team,Employee
EMP1207,Christine Newman,Matthew Marshall,Andrew Miles,Jennifer Guzman,HR,HR - Andrew Team,Employee
EMP1208,Brian Gray,Matthew Marshall,Andrew Miles,Jennifer Guzman,HR,HR - Andrew Team,Employee
EMP1209,Sandra Hoffman,Matthew Marshall,Andrew Miles,Jennifer Guzman,HR,HR - Andrew Team,Employee
EMP1210,Timothy Simmons,Matthew Marshall,Andrew Miles,Jennifer Guzman,HR,HR - Andrew Team,Employee
EMP1211,Rodney Dawson,Matthew Marshall,Andrew Miles,Jennifer Guzman,HR,HR - Andrew Team,Employee
EMP1212,Nicole Weiss,Matthew Marshall,Andrew Miles,Jennifer Guzman,HR,HR - Andrew Team,Employee
EMP1213,Bradley Cox,Matthew Marshall,Andrew Miles,Jennifer Guzman,HR,HR - Andrew Team,Employee
EMP1214,Edward Hall,Matthew Marshall,Andrew Miles,Jennifer Guzman,HR,HR - Andrew Team,Employee
EMP1215,Thomas Hoffman,Matthew Marshall,Andrew Miles,Jennifer Guzman,HR,HR - Andrew Team,Employee
EMP1216,Robert Lee,Matthew Marshall,Andrew Miles,Jennifer Guzman,HR,HR - Andrew Team,Employee
EMP1217,Theodore Robertson,Matthew Marshall,Andrew Miles,Jennifer Guzman,HR,HR - Andrew Team,Employee
EMP1218,Amanda Wright,Matthew Marshall,Andrew Miles,Jennifer Guzman,HR,HR - Andrew Team,Employee
EMP1219,Regina Smith,Tiffany Stephens,Andrew Miles,Jennifer Guzman,HR,HR - Andrew Team,Employee
EMP1220,Justin Thompson,Tiffany Stephens,Andrew Miles,Jennifer Guzman,HR,HR - Andrew Team,Employee
EMP1221,Cindy Griffin,Tiffany Stephens,Andrew Miles,Jennifer Guzman,HR,HR - Andrew Team,Employee
EMP1222,Jimmy Alexander,Tiffany Stephens,Andrew Miles,Jennifer Guzman,HR,HR - Andrew Team,Employee
EMP1223,Vanessa Wright,Tiffany Stephens,Andrew Miles,Jennifer Guzman,HR,HR - Andrew Team,Employee
EMP1224,Phillip Ortega,Tiffany Stephens,Andrew Miles,Jennifer Guzman,HR,HR - Andrew Team,Employee
EMP1225,Michael Conrad,Tiffany Stephens,Andrew Miles,Jennifer Guzman,HR,HR - Andrew Team,Employee
EMP1226,Christina Pham,Tiffany Stephens,Andrew Miles,Jennifer Guzman,HR,HR - Andrew Team,Employee
EMP1227,Nicholas West,Tiffany Stephens,Andrew Miles,Jennifer Guzman,HR,HR - Andrew Team,Employee
EMP1228,Jason Perez,Tiffany Stephens,Andrew Miles,Jennifer Guzman,HR,HR - Andrew Team,Employee
EMP1229,Jennifer Silva,Tiffany Stephens,Andrew Miles,Jennifer Guzman,HR,HR - Andrew Team,Employee
EMP1230,Yvonne Mullins,Tiffany Stephens,Andrew Miles,Jennifer Guzman,HR,HR - Andrew Team,Employee
EMP1231,Derrick Peterson,Tiffany Stephens,Andrew Miles,Jennifer Guzman,HR,HR - Andrew Team,Employee
EMP1232,Robyn Gomez,Tiffany Stephens,Andrew Miles,Jennifer Guzman,HR,HR - Andrew Team,Employee
EMP1233,Jessica Baker,Tiffany Stephens,Andrew Miles,Jennifer Guzman,HR,HR - Andrew Team,Employee
EMP1234,Tiffany Sanchez,Barbara Buchanan,Sonia Hancock,Jennifer Guzman,HR,HR - Sonia Team,Employee
EMP1235,Richard Li,Barbara Buchanan,Sonia Hancock,Jennifer Guzman,HR,HR - Sonia Team,Employee
EMP1236,Christopher Mcgee,Barbara Buchanan,Sonia Hancock,Jennifer Guzman,HR,HR - Sonia Team,Employee
EMP1237,Stephanie Norton,Barbara Buchanan,Sonia Hancock,Jennifer Guzman,HR,HR - Sonia Team,Employee
EMP1238,Mr. Leslie Lopez,Barbara Buchanan,Sonia Hancock,Jennifer Guzman,HR,HR - Sonia Team,Employee
EMP1239,Matthew King,Barbara Buchanan,Sonia Hancock,Jennifer Guzman,HR,HR - Sonia Team,Employee
EMP1240,Dustin Houston,Barbara Buchanan,Sonia Hancock,Jennifer Guzman,HR,HR - Sonia Team,Employee
EMP1241,Tanya Woods,Barbara Buchanan,Sonia Hancock,Jennifer Guzman,HR,HR - Sonia Team,Employee
EMP1242,Monica Payne,Barbara Buchanan,Sonia Hancock,Jennifer Guzman,HR,HR - Sonia Team,Employee
EMP1243,Brandy Smith,Barbara Buchanan,Sonia Hancock,Jennifer Guzman,HR,HR - Sonia Team,Employee
EMP1244,Ashley Mcintosh,Barbara Buchanan,Sonia Hancock,Jennifer Guzman,HR,HR - Sonia Team,Employee
EMP1245,Diana Chung,Barbara Buchanan,Sonia Hancock,Jennifer Guzman,HR,HR - Sonia Team,Employee
EMP1246,Deborah Newman,Barbara Buchanan,Sonia Hancock,Jennifer Guzman,HR,HR - Sonia Team,Employee
EMP1247,Gloria Mitchell,Barbara Buchanan,Sonia Hancock,Jennifer Guzman,HR,HR - Sonia Team,Employee
EMP1248,Peter Gonzales,Barbara Buchanan,Sonia Hancock,Jennifer Guzman,HR,HR - Sonia Team,Employee
EMP1249,Michael Ruiz,Barbara Buchanan,Sonia Hancock,Jennifer Guzman,HR,HR - Sonia Team,Employee
EMP1250,Allen Graham,Barbara Buchanan,Sonia Hancock,Jennifer Guzman,HR,HR - Sonia Team,Employee
EMP1251,Patrick Smith,Barbara Buchanan,Sonia Hancock,Jennifer Guzman,HR,HR - Sonia Team,Employee
EMP1252,Kenneth Walker,Barbara Buchanan,Sonia Hancock,Jennifer Guzman,HR,HR - Sonia Team,Employee
EMP1253,Emily Hernandez,Barbara Buchanan,Sonia Hancock,Jennifer Guzman,HR,HR - Sonia Team,Employee
EMP1254,Michael Roberts,Barbara Buchanan,Sonia Hancock,Jennifer Guzman,HR,HR - Sonia Team,Employee
EMP1255,Kenneth Brown,Barbara Buchanan,Sonia Hancock,Jennifer Guzman,HR,HR - Sonia Team,Employee
EMP1256,Edward Reynolds,Barbara Buchanan,Sonia Hancock,Jennifer Guzman,HR,HR - Sonia Team,Employee
EMP1257,Hannah Callahan,Tyler Davis,Emily Mccoy,Beth Vasquez,Support,Support - Emily Team,Employee
EMP1258,Elizabeth Cooper,Tyler Davis,Emily Mccoy,Beth Vasquez,Support,Support - Emily Team,Employee
EMP1259,Brandon Smith,Tyler Davis,Emily Mccoy,Beth Vasquez,Support,Support - Emily Team,Employee
EMP1260,James Leonard,Tyler Davis,Emily Mccoy,Beth Vasquez,Support,Support - Emily Team,Employee
EMP1261,Sarah Osborn,Tyler Davis,Emily Mccoy,Beth Vasquez,Support,Support - Emily Team,Employee
EMP1262,Ryan Daniels,Tyler Davis,Emily Mccoy,Beth Vasquez,Support,Support - Emily Team,Employee
EMP1263,Gary Williams,Tyler Davis,Emily Mccoy,Beth Vasquez,Support,Support - Emily Team,Employee
EMP1264,Robert Pacheco,Tyler Davis,Emily Mccoy,Beth Vasquez,Support,Support - Emily Team,Employee
EMP1265,Chelsey Allen,Tyler Davis,Emily Mccoy,Beth Vasquez,Support,Support - Emily Team,Employee
EMP1266,Mark Meyer,Tyler Davis,Emily Mccoy,Beth Vasquez,Support,Support - Emily Team,Employee
EMP1267,Daniel Cantu,Tyler Davis,Emily Mccoy,Beth Vasquez,Support,Support - Emily Team,Employee
EMP1268,Raymond Miller,Tyler Davis,Emily Mccoy,Beth Vasquez,Support,Support - Emily Team,Employee
EMP1269,Kim Andrade,Tyler Davis,Emily Mccoy,Beth Vasquez,Support,Support - Emily Team,Employee
EMP1270,Brandon Williams,Tyler Davis,Emily Mccoy,Beth Vasquez,Support,Support - Emily Team,Employee
EMP1271,Daniel Quinn,Tyler Davis,Emily Mccoy,Beth Vasquez,Support,Support - Emily Team,Employee
EMP1272,Joseph Brock,Tyler Davis,Emily Mccoy,Beth Vasquez,Support,Support - Emily Team,Employee
EMP1273,Dawn Diaz,Tyler Davis,Emily Mccoy,Beth Vasquez,Support,Support - Emily Team,Employee
EMP1274,Gary Lee,Tyler Davis,Emily Mccoy,Beth Vasquez,Support,Support - Emily Team,Employee
EMP1275,Kristin Johnson,Tyler Davis,Emily Mccoy,Beth Vasquez,Support,Support - Emily Team,Employee
EMP1276,Mark Jones,Tyler Davis,Emily Mccoy,Beth Vasquez,Support,Support - Emily Team,Employee
EMP1277,Michael Webster,Tyler Davis,Emily Mccoy,Beth Vasquez,Support,Support - Emily Team,Employee
EMP1278,Robert Conley,Tyler Davis,Emily Mccoy,Beth Vasquez,Support,Support - Emily Team,Employee
EMP1279,Mr. Timothy Smith,Wanda Sherman,Emily Mccoy,Beth Vasquez,Support,Support - Emily Team,Employee
EMP1280,Kristen Mann,Wanda Sherman,Emily Mccoy,Beth Vasquez,Support,Support - Emily Team,Employee
EMP1281,Paul Adams,Wanda Sherman,Emily Mccoy,Beth Vasquez,Support,Support - Emily Team,Employee
EMP1282,Michael Soto DDS,Wanda Sherman,Emily Mccoy,Beth Vasquez,Support,Support - Emily Team,Employee
EMP1283,Ethan Russell,Wanda Sherman,Emily Mccoy,Beth Vasquez,Support,Support - Emily Team,Employee
EMP1284,Donald Ballard,Wanda Sherman,Emily Mccoy,Beth Vasquez,Support,Support - Emily Team,Employee
EMP1285,Alicia Patel,Wanda Sherman,Emily Mccoy,Beth Vasquez,Support,Support - Emily Team,Employee
EMP1286,Rachael Reed,Wanda Sherman,Emily Mccoy,Beth Vasquez,Support,Support - Emily Team,Employee
EMP1287,Theresa Olson,Wanda Sherman,Emily Mccoy,Beth Vasquez,Support,Support - Emily Team,Employee
EMP1288,Darlene Melton,Wanda Sherman,Emily Mccoy,Beth Vasquez,Support,Support - Emily Team,Employee
EMP1289,Dawn Benson,Wanda Sherman,Emily Mccoy,Beth Vasquez,Support,Support - Emily Team,Employee
EMP1290,Richard Ward PhD,Wanda Sherman,Emily Mccoy,Beth Vasquez,Support,Support - Emily Team,Employee
EMP1291,Dustin Holt,Wanda Sherman,Emily Mccoy,Beth Vasquez,Support,Support - Emily Team,Employee
EMP1292,Scott Murray,Wanda Sherman,Emily Mccoy,Beth Vasquez,Support,Support - Emily Team,Employee
EMP1293,Mary Wilson,Wanda Sherman,Emily Mccoy,Beth Vasquez,Support,Support - Emily Team,Employee
EMP1294,Amber Hill,Wanda Sherman,Emily Mccoy,Beth Vasquez,Support,Support - Emily Team,Employee
EMP1295,Krista Arias,Wanda Sherman,Emily Mccoy,Beth Vasquez,Support,Support - Emily Team,Employee
EMP1296,Shirley Young,Wanda Sherman,Emily Mccoy,Beth Vasquez,Support,Support - Emily Team,Employee
EMP1297,Raymond Hester,Wanda Sherman,Emily Mccoy,Beth Vasquez,Support,Support - Emily Team,Employee
EMP1298,Eric Nelson,Wanda Sherman,Emily Mccoy,Beth Vasquez,Support,Support - Emily Team,Employee
EMP1299,Hannah Mcmillan,Wanda Sherman,Emily Mccoy,Beth Vasquez,Support,Support - Emily Team,Employee
EMP1300,Shawn Anderson,Wanda Sherman,Emily Mccoy,Beth Vasquez,Support,Support - Emily Team,Employee
EMP1301,Sharon Bond,Wanda Sherman,Emily Mccoy,Beth Vasquez,Support,Support - Emily Team,Employee
EMP1302,Mr. Kyle Reyes,Wanda Sherman,Emily Mccoy,Beth Vasquez,Support,Support - Emily Team,Employee
EMP1303,Angie Carlson,Wanda Sherman,Emily Mccoy,Beth Vasquez,Support,Support - Emily Team,Employee
EMP1304,Valerie Clark,Regina Jimenez,Noah Little,Beth Vasquez,Support,Support - Noah Team,Employee
EMP1305,Mark Pollard,Regina Jimenez,Noah Little,Beth Vasquez,Support,Support - Noah Team,Employee
EMP1306,Christopher Alvarez,Regina Jimenez,Noah Little,Beth Vasquez,Support,Support - Noah Team,Employee
EMP1307,Vanessa Walters,Regina Jimenez,Noah Little,Beth Vasquez,Support,Support - Noah Team,Employee
EMP1308,Kevin Thomas,Regina Jimenez,Noah Little,Beth Vasquez,Support,Support - Noah Team,Employee
EMP1309,Pamela Obrien,Regina Jimenez,Noah Little,Beth Vasquez,Support,Support - Noah Team,Employee
EMP1310,Brittany Adkins,Regina Jimenez,Noah Little,Beth Vasquez,Support,Support - Noah Team,Employee
EMP1311,Heather Ellis,Regina Jimenez,Noah Little,Beth Vasquez,Support,Support - Noah Team,Employee
EMP1312,George Allen,Regina Jimenez,Noah Little,Beth Vasquez,Support,Support - Noah Team,Employee
EMP1313,Jake Reese,Regina Jimenez,Noah Little,Beth Vasquez,Support,Support - Noah Team,Employee
EMP1314,Elizabeth Nelson,Regina Jimenez,Noah Little,Beth Vasquez,Support,Support - Noah Team,Employee
EMP1315,Kimberly Koch,Regina Jimenez,Noah Little,Beth Vasquez,Support,Support - Noah Team,Employee
EMP1316,Tyrone Rodriguez,Regina Jimenez,Noah Little,Beth Vasquez,Support,Support - Noah Team,Employee
EMP1317,Erin Nichols,Regina Jimenez,Noah Little,Beth Vasquez,Support,Support - Noah Team,Employee
EMP1318,Michelle Morris,Regina Jimenez,Noah Little,Beth Vasquez,Support,Support - Noah Team,Employee
EMP1319,Sara Myers,Regina Jimenez,Noah Little,Beth Vasquez,Support,Support - Noah Team,Employee
EMP1320,Amy Mcbride,Regina Jimenez,Noah Little,Beth Vasquez,Support,Support - Noah Team,Employee
EMP1321,Mrs. Amanda Wilson,Regina Jimenez,Noah Little,Beth Vasquez,Support,Support - Noah Team,Employee
EMP1322,Nicholas Thompson,Regina Jimenez,Noah Little,Beth Vasquez,Support,Support - Noah Team,Employee
EMP1323,Mary Watson,Regina Jimenez,Noah Little,Beth Vasquez,Support,Support - Noah Team,Employee
EMP1324,Lindsay Green,Regina Jimenez,Noah Little,Beth Vasquez,Support,Support - Noah Team,Employee
EMP1325,Bradley Phillips,Regina Jimenez,Noah Little,Beth Vasquez,Support,Support - Noah Team,Employee
EMP1326,Kelly Williams,Regina Jimenez,Noah Little,Beth Vasquez,Support,Support - Noah Team,Employee
EMP1327,Tamara Schroeder,Regina Jimenez,Noah Little,Beth Vasquez,Support,Support - Noah Team,Employee
EMP1328,Gabriela Gonzales,Jordan Leblanc,Patrick Williams,Beth Vasquez,Support,Support - Patrick Team,Employee
EMP1329,Nicole Mcclain,Jordan Leblanc,Patrick Williams,Beth Vasquez,Support,Support - Patrick Team,Employee
EMP1330,Christopher Brown,Jordan Leblanc,Patrick Williams,Beth Vasquez,Support,Support - Patrick Team,Employee
EMP1331,Carla Schneider,Jordan Leblanc,Patrick Williams,Beth Vasquez,Support,Support - Patrick Team,Employee
EMP1332,Amanda Baker,Jordan Leblanc,Patrick Williams,Beth Vasquez,Support,Support - Patrick Team,Employee
EMP1333,Russell Morris,Jordan Leblanc,Patrick Williams,Beth Vasquez,Support,Support - Patrick Team,Employee
EMP1334,Eric Douglas,Jordan Leblanc,Patrick Williams,Beth Vasquez,Support,Support - Patrick Team,Employee
EMP1335,Kathleen King,Jordan Leblanc,Patrick Williams,Beth Vasquez,Support,Support - Patrick Team,Employee
EMP1336,Kyle Martin,Jordan Leblanc,Patrick Williams,Beth Vasquez,Support,Support - Patrick Team,Employee
EMP1337,Regina Taylor,Jordan Leblanc,Patrick Williams,Beth Vasquez,Support,Support - Patrick Team,Employee
EMP1338,Tina Williams,Jordan Leblanc,Patrick Williams,Beth Vasquez,Support,Support - Patrick Team,Employee
EMP1339,Jason Green,Jordan Leblanc,Patrick Williams,Beth Vasquez,Support,Support - Patrick Team,Employee
EMP1340,Samuel Long,Jordan Leblanc,Patrick Williams,Beth Vasquez,Support,Support - Patrick Team,Employee
EMP1341,Diana Henderson,Jordan Leblanc,Patrick Williams,Beth Vasquez,Support,Support - Patrick Team,Employee
EMP1342,Melissa Flores,Jordan Leblanc,Patrick Williams,Beth Vasquez,Support,Support - Patrick Team,Employee
EMP1343,Jason Allen,Jordan Leblanc,Patrick Williams,Beth Vasquez,Support,Support - Patrick Team,Employee
EMP1344,David Smith,Ruth Duran,Rebecca Alvarez,Henry White,Marketing,Marketing - Rebecca Team,Employee
EMP1345,Susan Gonzalez,Ruth Duran,Rebecca Alvarez,Henry White,Marketing,Marketing - Rebecca Team,Employee
EMP1346,Thomas Martinez,Ruth Duran,Rebecca Alvarez,Henry White,Marketing,Marketing - Rebecca Team,Employee
EMP1347,Maurice Smith,Ruth Duran,Rebecca Alvarez,Henry White,Marketing,Marketing - Rebecca Team,Employee
EMP1348,Kristin Carr,Ruth Duran,Rebecca Alvarez,Henry White,Marketing,Marketing - Rebecca Team,Employee
EMP1349,Monica Bradshaw,Ruth Duran,Rebecca Alvarez,Henry White,Marketing,Marketing - Rebecca Team,Employee
EMP1350,Angela Sherman,Ruth Duran,Rebecca Alvarez,Henry White,Marketing,Marketing - Rebecca Team,Employee
EMP1351,Heather Allen,Ruth Duran,Rebecca Alvarez,Henry White,Marketing,Marketing - Rebecca Team,Employee
EMP1352,Nicole Gibbs,Ruth Duran,Rebecca Alvarez,Henry White,Marketing,Marketing - Rebecca Team,Employee
EMP1353,Cheryl Maynard DVM,Ruth Duran,Rebecca Alvarez,Henry White,Marketing,Marketing - Rebecca Team,Employee
EMP1354,Jennifer Fisher,Ruth Duran,Rebecca Alvarez,Henry White,Marketing,Marketing - Rebecca Team,Employee
EMP1355,Matthew Solis,Ruth Duran,Rebecca Alvarez,Henry White,Marketing,Marketing - Rebecca Team,Employee
EMP1356,David Shepard,Ruth Duran,Rebecca Alvarez,Henry White,Marketing,Marketing - Rebecca Team,Employee
EMP1357,Paul Hamilton,Ruth Duran,Rebecca Alvarez,Henry White,Marketing,Marketing - Rebecca Team,Employee
EMP1358,Michael Miles,Ruth Duran,Rebecca Alvarez,Henry White,Marketing,Marketing - Rebecca Team,Employee
EMP1359,Megan Fuller,Thomas Anderson,Rebecca Alvarez,Henry White,Marketing,Marketing - Rebecca Team,Employee
EMP1360,Christopher Johnson,Thomas Anderson,Rebecca Alvarez,Henry White,Marketing,Marketing - Rebecca Team,Employee
EMP1361,Laura Gray,Thomas Anderson,Rebecca Alvarez,Henry White,Marketing,Marketing - Rebecca Team,Employee
EMP1362,Daniel Hanson,Thomas Anderson,Rebecca Alvarez,Henry White,Marketing,Marketing - Rebecca Team,Employee
EMP1363,Mark Duncan,Thomas Anderson,Rebecca Alvarez,Henry White,Marketing,Marketing - Rebecca Team,Employee
EMP1364,Matthew Rice,Thomas Anderson,Rebecca Alvarez,Henry White,Marketing,Marketing - Rebecca Team,Employee
EMP1365,Ellen Cox,Thomas Anderson,Rebecca Alvarez,Henry White,Marketing,Marketing - Rebecca Team,Employee
EMP1366,Melissa Jones,Thomas Anderson,Rebecca Alvarez,Henry White,Marketing,Marketing - Rebecca Team,Employee
EMP1367,Daniel Duran,Thomas Anderson,Rebecca Alvarez,Henry White,Marketing,Marketing - Rebecca Team,Employee
EMP1368,Patricia Marshall,Thomas Anderson,Rebecca Alvarez,Henry White,Marketing,Marketing - Rebecca Team,Employee
EMP1369,Tammy Brown,Thomas Anderson,Rebecca Alvarez,Henry White,Marketing,Marketing - Rebecca Team,Employee
EMP1370,James White,Thomas Anderson,Rebecca Alvarez,Henry White,Marketing,Marketing - Rebecca Team,Employee
EMP1371,Christina Oliver,Thomas Anderson,Rebecca Alvarez,Henry White,Marketing,Marketing - Rebecca Team,Employee
EMP1372,Autumn Smith,Thomas Anderson,Rebecca Alvarez,Henry White,Marketing,Marketing - Rebecca Team,Employee
EMP1373,Keith Lowe,Thomas Anderson,Rebecca Alvarez,Henry White,Marketing,Marketing - Rebecca Team,Employee
EMP1374,Drew Carter,Thomas Anderson,Rebecca Alvarez,Henry White,Marketing,Marketing - Rebecca Team,Employee
EMP1375,Cassandra King,Thomas Anderson,Rebecca Alvarez,Henry White,Marketing,Marketing - Rebecca Team,Employee
EMP1376,Candace Garcia,Thomas Anderson,Rebecca Alvarez,Henry White,Marketing,Marketing - Rebecca Team,Employee
EMP1377,Daniel Curtis,Thomas Anderson,Rebecca Alvarez,Henry White,Marketing,Marketing - Rebecca Team,Employee
EMP1378,Michael Palmer,Thomas Anderson,Rebecca Alvarez,Henry White,Marketing,Marketing - Rebecca Team,Employee
EMP1379,Francisco Andrews,Thomas Anderson,Rebecca Alvarez,Henry White,Marketing,Marketing - Rebecca Team,Employee
EMP1380,Claudia Brown,Thomas Anderson,Rebecca Alvarez,Henry White,Marketing,Marketing - Rebecca Team,Employee
EMP1381,Daniel Mathews,Thomas Anderson,Rebecca Alvarez,Henry White,Marketing,Marketing - Rebecca Team,Employee
EMP1382,Dean Smith,Thomas Anderson,Rebecca Alvarez,Henry White,Marketing,Marketing - Rebecca Team,Employee
EMP1383,George Holmes PhD,Thomas Anderson,Rebecca Alvarez,Henry White,Marketing,Marketing - Rebecca Team,Employee
EMP1384,Megan Clarke,Amy Stephenson,Angela Riley,Henry White,Marketing,Marketing - Angela Team,Employee
EMP1385,Travis Gardner,Amy Stephenson,Angela Riley,Henry White,Marketing,Marketing - Angela Team,Employee
EMP1386,Jasmine Cisneros,Amy Stephenson,Angela Riley,Henry White,Marketing,Marketing - Angela Team,Employee
EMP1387,Holly Williams DVM,Amy Stephenson,Angela Riley,Henry White,Marketing,Marketing - Angela Team,Employee
EMP1388,John Brown,Amy Stephenson,Angela Riley,Henry White,Marketing,Marketing - Angela Team,Employee
EMP1389,April Kaiser,Amy Stephenson,Angela Riley,Henry White,Marketing,Marketing - Angela Team,Employee
EMP1390,Brianna Barnes,Amy Stephenson,Angela Riley,Henry White,Marketing,Marketing - Angela Team,Employee
EMP1391,Yvonne Olson,Amy Stephenson,Angela Riley,Henry White,Marketing,Marketing - Angela Team,Employee
EMP1392,Michael Willis,Amy Stephenson,Angela Riley,Henry White,Marketing,Marketing - Angela Team,Employee
EMP1393,Amanda Robles,Amy Stephenson,Angela Riley,Henry White,Marketing,Marketing - Angela Team,Employee
EMP1394,Kristina Peters,Amy Stephenson,Angela Riley,Henry White,Marketing,Marketing - Angela Team,Employee
EMP1395,Charles Evans,Amy Stephenson,Angela Riley,Henry White,Marketing,Marketing - Angela Team,Employee
EMP1396,Jessica Stevens,Amy Stephenson,Angela Riley,Henry White,Marketing,Marketing - Angela Team,Employee
EMP1397,Michael Daugherty,Amy Stephenson,Angela Riley,Henry White,Marketing,Marketing - Angela Team,Employee
EMP1398,Kristine Lloyd,Amy Stephenson,Angela Riley,Henry White,Marketing,Marketing - Angela Team,Employee
EMP1399,Jim Duncan,Emma Ramos,Jeanette Wheeler,Henry White,Marketing,Marketing - Jeanette Team,Employee
EMP1400,Jamie Nicholson,Emma Ramos,Jeanette Wheeler,Henry White,Marketing,Marketing - Jeanette Team,Employee
EMP1401,James Reid,Emma Ramos,Jeanette Wheeler,Henry White,Marketing,Marketing - Jeanette Team,Employee
EMP1402,Danielle Delgado,Emma Ramos,Jeanette Wheeler,Henry White,Marketing,Marketing - Jeanette Team,Employee
EMP1403,David Owens,Emma Ramos,Jeanette Wheeler,Henry White,Marketing,Marketing - Jeanette Team,Employee
EMP1404,William Ruiz,Emma Ramos,Jeanette Wheeler,Henry White,Marketing,Marketing - Jeanette Team,Employee
EMP1405,Susan Peterson,Emma Ramos,Jeanette Wheeler,Henry White,Marketing,Marketing - Jeanette Team,Employee
EMP1406,Donald Johnson,Emma Ramos,Jeanette Wheeler,Henry White,Marketing,Marketing - Jeanette Team,Employee
EMP1407,Julian Gentry,Emma Ramos,Jeanette Wheeler,Henry White,Marketing,Marketing - Jeanette Team,Employee
EMP1408,Melissa Baker,Emma Ramos,Jeanette Wheeler,Henry White,Marketing,Marketing - Jeanette Team,Employee
EMP1409,Allison Nunez,Emma Ramos,Jeanette Wheeler,Henry White,Marketing,Marketing - Jeanette Team,Employee
EMP1410,Alexis Davis,Emma Ramos,Jeanette Wheeler,Henry White,Marketing,Marketing - Jeanette Team,Employee
EMP1411,Robin Murphy,Emma Ramos,Jeanette Wheeler,Henry White,Marketing,Marketing - Jeanette Team,Employee
EMP1412,Samantha Clark,Emma Ramos,Jeanette Wheeler,Henry White,Marketing,Marketing - Jeanette Team,Employee
EMP1413,Richard Buck,Emma Ramos,Jeanette Wheeler,Henry White,Marketing,Marketing - Jeanette Team,Employee
EMP1414,Sheila Ortiz,Emma Ramos,Jeanette Wheeler,Henry White,Marketing,Marketing - Jeanette Team,Employee
EMP1415,Natasha Graham,Emma Ramos,Jeanette Wheeler,Henry White,Marketing,Marketing - Jeanette Team,Employee
EMP1416,Jacob Hill,Emma Ramos,Jeanette Wheeler,Henry White,Marketing,Marketing - Jeanette Team,Employee
EMP1417,Roy Bradley,Emma Ramos,Jeanette Wheeler,Henry White,Marketing,Marketing - Jeanette Team,Employee
